assignment_id,worker_id,task_id,estimated_duration_x,actual_duration,quality_score,success_score,completed_on_time,years_experience,primary_skill,skill_level,reliability_score,avg_task_completion_rate,task_type,required_skill_level,estimated_duration_y,priority,complexity
A001,W005,T003,13,17.0,73.1,75.2,False,2,General Labor,3,0.8,1.15,Plumbing Installation,1,13,3,1
A002,W007,T010,23,24.2,100.0,97.0,True,13,Plumbing,5,0.65,1.14,Foundation Work,2,23,3,3
A003,W003,T009,17,18.9,64.1,79.5,False,5,Carpentry,2,0.7,1.08,Framing,3,17,2,3
A004,W008,T005,20,15.3,65.4,104.8,True,17,HVAC,2,0.84,0.8,Foundation Work,5,20,3,4
A005,W003,T005,20,23.8,64.1,76.1,False,5,Carpentry,2,0.7,1.08,Foundation Work,5,20,3,4
A006,W007,T008,4,4.4,100.0,94.6,True,13,Plumbing,5,0.65,1.14,Finishing,2,4,1,5
A007,W010,T009,17,14.3,100.0,111.2,True,17,Plumbing,5,0.68,0.95,Framing,3,17,2,3
A008,W001,T002,16,19.9,88.3,83.6,False,1,Carpentry,4,0.72,1.15,Framing,2,16,1,3
A009,W006,T010,23,18.8,100.0,113.4,True,9,General Labor,5,0.93,0.86,Foundation Work,2,23,3,3
A010,W002,T005,20,20.6,68.4,85.5,True,6,General Labor,2,0.63,0.99,Foundation Work,5,20,3,4
A011,W001,T010,23,26.8,85.6,85.8,False,1,Carpentry,4,0.72,1.15,Foundation Work,2,23,3,3
A012,W009,T007,6,6.2,100.0,98.5,True,9,Electrical,5,0.61,1.02,Finishing,2,6,1,3
A013,W003,T007,6,6.4,61.9,81.3,True,5,Carpentry,2,0.7,1.08,Finishing,2,6,1,3
A014,W010,T008,4,3.6,100.0,105.8,True,17,Plumbing,5,0.68,0.95,Finishing,2,4,1,5
A015,W006,T010,23,20.6,100.0,106.9,True,9,General Labor,5,0.93,0.86,Foundation Work,2,23,3,3
A016,W010,T002,16,15.5,100.0,102.0,True,17,Plumbing,5,0.68,0.95,Framing,2,16,1,3
A017,W010,T006,9,7.7,100.0,110.2,True,17,Plumbing,5,0.68,0.95,Plumbing Installation,4,9,1,4
A018,W005,T005,20,23.6,73.2,80.2,False,2,General Labor,3,0.8,1.15,Foundation Work,5,20,3,4
A019,W008,T004,13,10.0,65.5,103.8,True,17,HVAC,2,0.84,0.8,Electrical Installation,2,13,1,3
A020,W010,T009,17,15.6,100.0,105.3,True,17,Plumbing,5,0.68,0.95,Framing,3,17,2,3
A021,W003,T007,6,6.6,67.5,81.8,True,5,Carpentry,2,0.7,1.08,Finishing,2,6,1,3
A022,W010,T008,4,3.4,100.0,111.4,True,17,Plumbing,5,0.68,0.95,Finishing,2,4,1,5
A023,W002,T009,17,16.5,64.0,87.5,True,6,General Labor,2,0.63,0.99,Framing,3,17,2,3
A024,W006,T004,13,10.4,100.0,114.9,True,9,General Labor,5,0.93,0.86,Electrical Installation,2,13,1,3
A025,W006,T005,20,18.1,100.0,106.3,True,9,General Labor,5,0.93,0.86,Foundation Work,5,20,3,4
A026,W005,T004,13,15.1,75.0,81.8,False,2,General Labor,3,0.8,1.15,Electrical Installation,2,13,1,3
A027,W009,T006,9,8.7,100.0,102.0,True,9,Electrical,5,0.61,1.02,Plumbing Installation,4,9,1,4
A028,W003,T006,9,10.1,62.0,78.1,False,5,Carpentry,2,0.7,1.08,Plumbing Installation,4,9,1,4
A029,W010,T009,17,15.9,100.0,104.2,True,17,Plumbing,5,0.68,0.95,Framing,3,17,2,3
A030,W004,T008,4,4.0,91.3,96.8,True,14,HVAC,4,0.74,1.09,Finishing,2,4,1,5
A031,W003,T010,23,26.8,65.2,77.6,False,5,Carpentry,2,0.7,1.08,Foundation Work,2,23,3,3
A032,W008,T006,9,7.1,69.2,103.7,True,17,HVAC,2,0.84,0.8,Plumbing Installation,4,9,1,4
A033,W008,T001,20,15.3,67.6,105.5,True,17,HVAC,2,0.84,0.8,Foundation Work,4,20,1,5
A034,W004,T004,13,12.3,94.2,100.8,True,14,HVAC,4,0.74,1.09,Electrical Installation,2,13,1,3
A035,W010,T008,4,3.7,100.0,104.2,True,17,Plumbing,5,0.68,0.95,Finishing,2,4,1,5
A036,W007,T002,16,16.5,100.0,98.3,True,13,Plumbing,5,0.65,1.14,Framing,2,16,1,3
A037,W007,T001,20,23.5,100.0,91.1,False,13,Plumbing,5,0.65,1.14,Foundation Work,4,20,1,5
A038,W007,T006,9,9.2,100.0,98.7,True,13,Plumbing,5,0.65,1.14,Plumbing Installation,4,9,1,4
A039,W007,T004,13,13.3,100.0,98.7,True,13,Plumbing,5,0.65,1.14,Electrical Installation,2,13,1,3
A040,W001,T008,4,5.3,96.2,83.5,False,1,Carpentry,4,0.72,1.15,Finishing,2,4,1,5
A041,W001,T001,20,23.2,97.4,90.8,False,1,Carpentry,4,0.72,1.15,Foundation Work,4,20,1,5
A042,W003,T005,20,24.6,63.6,74.1,False,5,Carpentry,2,0.7,1.08,Foundation Work,5,20,3,4
A043,W002,T008,4,4.4,64.9,79.9,False,6,General Labor,2,0.63,0.99,Finishing,2,4,1,5
A044,W010,T003,13,10.4,100.0,114.9,True,17,Plumbing,5,0.68,0.95,Plumbing Installation,1,13,3,1
A045,W006,T002,16,12.8,100.0,115.0,True,9,General Labor,5,0.93,0.86,Framing,2,16,1,3
A046,W006,T009,17,15.4,100.0,106.4,True,9,General Labor,5,0.93,0.86,Framing,3,17,2,3
A047,W009,T007,6,6.8,100.0,93.0,False,9,Electrical,5,0.61,1.02,Finishing,2,6,1,3
A048,W006,T001,20,18.8,100.0,103.8,True,9,General Labor,5,0.93,0.86,Foundation Work,4,20,1,5
A049,W006,T010,23,18.3,100.0,115.5,True,9,General Labor,5,0.93,0.86,Foundation Work,2,23,3,3
A050,W002,T003,13,14.5,68.6,81.2,False,6,General Labor,2,0.63,0.99,Plumbing Installation,1,13,3,1
A051,W002,T002,16,17.5,69.7,82.8,True,6,General Labor,2,0.63,0.99,Framing,2,16,1,3
A052,W010,T004,13,11.9,100.0,105.6,True,17,Plumbing,5,0.68,0.95,Electrical Installation,2,13,1,3
A053,W006,T003,13,11.4,100.0,108.4,True,9,General Labor,5,0.93,0.86,Plumbing Installation,1,13,3,1
A054,W007,T001,20,21.9,100.0,94.7,True,13,Plumbing,5,0.65,1.14,Foundation Work,4,20,1,5
A055,W004,T007,6,5.7,87.0,97.9,True,14,HVAC,4,0.74,1.09,Finishing,2,6,1,3
A056,W008,T005,20,14.2,69.9,112.8,True,17,HVAC,2,0.84,0.8,Foundation Work,5,20,3,4
A057,W006,T001,20,17.8,100.0,107.3,True,9,General Labor,5,0.93,0.86,Foundation Work,4,20,1,5
A058,W009,T007,6,6.1,100.0,98.7,True,9,Electrical,5,0.61,1.02,Finishing,2,6,1,3
A059,W003,T007,6,6.7,60.9,77.9,False,5,Carpentry,2,0.7,1.08,Finishing,2,6,1,3
A060,W001,T006,9,10.9,90.5,85.6,False,1,Carpentry,4,0.72,1.15,Plumbing Installation,4,9,1,4
A061,W006,T003,13,11.9,100.0,105.8,True,9,General Labor,5,0.93,0.86,Plumbing Installation,1,13,3,1
A062,W006,T008,4,3.4,100.0,109.7,True,9,General Labor,5,0.93,0.86,Finishing,2,4,1,5
A063,W004,T006,9,8.9,90.3,96.6,True,14,HVAC,4,0.74,1.09,Plumbing Installation,4,9,1,4
A064,W007,T010,23,26.4,100.0,92.2,False,13,Plumbing,5,0.65,1.14,Foundation Work,2,23,3,3
A065,W005,T008,4,4.6,79.7,84.6,False,2,General Labor,3,0.8,1.15,Finishing,2,4,1,5
A066,W002,T010,23,25.9,63.6,78.7,False,6,General Labor,2,0.63,0.99,Foundation Work,2,23,3,3
A067,W005,T009,17,20.3,77.9,81.4,False,2,General Labor,3,0.8,1.15,Framing,3,17,2,3
A068,W001,T008,4,5.2,84.3,79.5,False,1,Carpentry,4,0.72,1.15,Finishing,2,4,1,5
A069,W002,T005,20,19.6,66.1,87.8,True,6,General Labor,2,0.63,0.99,Foundation Work,5,20,3,4
A070,W001,T010,23,28.8,90.6,84.2,False,1,Carpentry,4,0.72,1.15,Foundation Work,2,23,3,3
A071,W004,T006,9,9.0,93.1,97.3,True,14,HVAC,4,0.74,1.09,Plumbing Installation,4,9,1,4
A072,W005,T008,4,5.4,78.7,76.3,False,2,General Labor,3,0.8,1.15,Finishing,2,4,1,5
A073,W002,T002,16,14.9,61.9,89.1,True,6,General Labor,2,0.63,0.99,Framing,2,16,1,3
A074,W003,T001,20,23.9,69.2,77.8,False,5,Carpentry,2,0.7,1.08,Foundation Work,4,20,1,5
A075,W004,T002,16,16.7,88.4,92.7,True,14,HVAC,4,0.74,1.09,Framing,2,16,1,3
A076,W008,T005,20,14.4,64.8,109.0,True,17,HVAC,2,0.84,0.8,Foundation Work,5,20,3,4
A077,W004,T010,23,24.8,83.6,89.1,True,14,HVAC,4,0.74,1.09,Foundation Work,2,23,3,3
A078,W007,T008,4,4.1,100.0,99.2,True,13,Plumbing,5,0.65,1.14,Finishing,2,4,1,5
A079,W008,T009,17,13.8,68.6,101.6,True,17,HVAC,2,0.84,0.8,Framing,3,17,2,3
A080,W005,T004,13,14.9,75.5,82.5,False,2,General Labor,3,0.8,1.15,Electrical Installation,2,13,1,3
A081,W004,T002,16,17.6,81.1,87.1,True,14,HVAC,4,0.74,1.09,Framing,2,16,1,3
A082,W006,T002,16,13.0,100.0,113.9,True,9,General Labor,5,0.93,0.86,Framing,2,16,1,3
A083,W002,T008,4,4.3,62.0,80.0,True,6,General Labor,2,0.63,0.99,Finishing,2,4,1,5
A084,W008,T008,4,3.1,64.2,103.9,True,17,HVAC,2,0.84,0.8,Finishing,2,4,1,5
A085,W007,T005,20,23.2,100.0,91.8,False,13,Plumbing,5,0.65,1.14,Foundation Work,5,20,3,4
A086,W004,T001,20,19.1,95.8,101.1,True,14,HVAC,4,0.74,1.09,Foundation Work,4,20,1,5
A087,W008,T004,13,9.0,60.7,111.1,True,17,HVAC,2,0.84,0.8,Electrical Installation,2,13,1,3
A088,W004,T004,13,14.8,89.0,88.3,False,14,HVAC,4,0.74,1.09,Electrical Installation,2,13,1,3
A089,W005,T006,9,11.7,73.0,75.3,False,2,General Labor,3,0.8,1.15,Plumbing Installation,4,9,1,4
A090,W004,T004,13,12.8,94.5,98.7,True,14,HVAC,4,0.74,1.09,Electrical Installation,2,13,1,3
A091,W002,T004,13,13.6,67.2,84.2,True,6,General Labor,2,0.63,0.99,Electrical Installation,2,13,1,3
A092,W004,T008,4,4.3,85.9,90.6,True,14,HVAC,4,0.74,1.09,Finishing,2,4,1,5
A093,W005,T003,13,17.1,73.3,75.0,False,2,General Labor,3,0.8,1.15,Plumbing Installation,1,13,3,1
A094,W006,T005,20,15.7,100.0,116.5,True,9,General Labor,5,0.93,0.86,Foundation Work,5,20,3,4
A095,W010,T007,6,5.4,100.0,107.1,True,17,Plumbing,5,0.68,0.95,Finishing,2,6,1,3
A096,W010,T004,13,11.1,100.0,110.4,True,17,Plumbing,5,0.68,0.95,Electrical Installation,2,13,1,3
A097,W007,T005,20,20.3,100.0,99.1,True,13,Plumbing,5,0.65,1.14,Foundation Work,5,20,3,4
A098,W004,T007,6,6.7,92.0,90.3,False,14,HVAC,4,0.74,1.09,Finishing,2,6,1,3
A099,W003,T007,6,7.1,69.1,78.3,False,5,Carpentry,2,0.7,1.08,Finishing,2,6,1,3
A100,W010,T005,20,16.9,100.0,110.9,True,17,Plumbing,5,0.68,0.95,Foundation Work,5,20,3,4
A101,W008,T003,13,9.0,66.6,112.9,True,17,HVAC,2,0.84,0.8,Plumbing Installation,1,13,3,1
A102,W002,T006,9,9.6,67.1,83.3,True,6,General Labor,2,0.63,0.99,Plumbing Installation,4,9,1,4
A103,W004,T004,13,13.7,94.3,94.8,True,14,HVAC,4,0.74,1.09,Electrical Installation,2,13,1,3
A104,W001,T007,6,7.5,81.3,80.4,False,1,Carpentry,4,0.72,1.15,Finishing,2,6,1,3
A105,W008,T009,17,13.5,69.3,103.1,True,17,HVAC,2,0.84,0.8,Framing,3,17,2,3
A106,W009,T004,13,12.1,100.0,104.7,True,9,Electrical,5,0.61,1.02,Electrical Installation,2,13,1,3
A107,W007,T005,20,22.7,100.0,92.8,False,13,Plumbing,5,0.65,1.14,Foundation Work,5,20,3,4
A108,W001,T006,9,10.3,95.8,90.8,False,1,Carpentry,4,0.72,1.15,Plumbing Installation,4,9,1,4
A109,W003,T008,4,4.3,65.8,82.1,True,5,Carpentry,2,0.7,1.08,Finishing,2,4,1,5
A110,W008,T008,4,3.1,62.3,103.5,True,17,HVAC,2,0.84,0.8,Finishing,2,4,1,5
A111,W010,T001,20,16.5,100.0,112.9,True,17,Plumbing,5,0.68,0.95,Foundation Work,4,20,1,5
A112,W008,T001,20,14.8,69.9,109.0,True,17,HVAC,2,0.84,0.8,Foundation Work,4,20,1,5
A113,W004,T009,17,19.2,99.1,92.7,False,14,HVAC,4,0.74,1.09,Framing,3,17,2,3
A114,W005,T009,17,20.5,75.0,79.7,False,2,General Labor,3,0.8,1.15,Framing,3,17,2,3
A115,W006,T003,13,12.1,100.0,104.5,True,9,General Labor,5,0.93,0.86,Plumbing Installation,1,13,3,1
A116,W004,T009,17,16.3,97.5,101.7,True,14,HVAC,4,0.74,1.09,Framing,3,17,2,3
A117,W004,T005,20,22.8,84.6,86.5,False,14,HVAC,4,0.74,1.09,Foundation Work,5,20,3,4
A118,W001,T008,4,5.0,87.5,83.5,False,1,Carpentry,4,0.72,1.15,Finishing,2,4,1,5
A119,W002,T006,9,9.8,65.8,81.2,True,6,General Labor,2,0.63,0.99,Plumbing Installation,4,9,1,4
A120,W001,T004,13,15.6,99.1,89.8,False,1,Carpentry,4,0.72,1.15,Electrical Installation,2,13,1,3
A121,W006,T001,20,18.4,100.0,105.2,True,9,General Labor,5,0.93,0.86,Foundation Work,4,20,1,5
A122,W008,T006,9,7.3,64.1,100.0,True,17,HVAC,2,0.84,0.8,Plumbing Installation,4,9,1,4
A123,W001,T002,16,19.0,81.9,83.3,False,1,Carpentry,4,0.72,1.15,Framing,2,16,1,3
A124,W010,T001,20,16.6,100.0,112.3,True,17,Plumbing,5,0.68,0.95,Foundation Work,4,20,1,5
A125,W003,T009,17,19.0,68.9,81.2,False,5,Carpentry,2,0.7,1.08,Framing,3,17,2,3
A126,W004,T002,16,16.7,89.2,93.3,True,14,HVAC,4,0.74,1.09,Framing,2,16,1,3
A127,W001,T004,13,14.8,85.7,86.9,False,1,Carpentry,4,0.72,1.15,Electrical Installation,2,13,1,3
A128,W001,T007,6,7.5,93.7,85.7,False,1,Carpentry,4,0.72,1.15,Finishing,2,6,1,3
A129,W002,T010,23,23.0,68.9,87.7,True,6,General Labor,2,0.63,0.99,Foundation Work,2,23,3,3
A130,W001,T003,13,15.5,84.7,84.0,False,1,Carpentry,4,0.72,1.15,Plumbing Installation,1,13,3,1
A131,W005,T006,9,10.9,74.3,79.3,False,2,General Labor,3,0.8,1.15,Plumbing Installation,4,9,1,4
A132,W001,T008,4,5.4,95.6,83.0,False,1,Carpentry,4,0.72,1.15,Finishing,2,4,1,5
A133,W002,T004,13,13.6,68.4,84.5,True,6,General Labor,2,0.63,0.99,Electrical Installation,2,13,1,3
A134,W008,T006,9,6.6,65.2,107.8,True,17,HVAC,2,0.84,0.8,Plumbing Installation,4,9,1,4
A135,W003,T010,23,27.1,68.8,78.5,False,5,Carpentry,2,0.7,1.08,Foundation Work,2,23,3,3
A136,W008,T002,16,10.9,61.8,113.0,True,17,HVAC,2,0.84,0.8,Framing,2,16,1,3
A137,W004,T004,13,12.7,90.1,97.3,True,14,HVAC,4,0.74,1.09,Electrical Installation,2,13,1,3
A138,W004,T001,20,20.1,96.6,98.3,True,14,HVAC,4,0.74,1.09,Foundation Work,4,20,1,5
A139,W004,T001,20,20.8,90.8,94.0,True,14,HVAC,4,0.74,1.09,Foundation Work,4,20,1,5
A140,W008,T004,13,9.2,68.5,111.9,True,17,HVAC,2,0.84,0.8,Electrical Installation,2,13,1,3
A141,W007,T004,13,14.5,100.0,93.8,False,13,Plumbing,5,0.65,1.14,Electrical Installation,2,13,1,3
A142,W010,T004,13,11.7,100.0,106.5,True,17,Plumbing,5,0.68,0.95,Electrical Installation,2,13,1,3
A143,W009,T004,13,11.4,100.0,108.5,True,9,Electrical,5,0.61,1.02,Electrical Installation,2,13,1,3
A144,W010,T003,13,9.7,100.0,120.6,True,17,Plumbing,5,0.68,0.95,Plumbing Installation,1,13,3,1
A145,W001,T008,4,4.6,87.5,87.5,False,1,Carpentry,4,0.72,1.15,Finishing,2,4,1,5
A146,W009,T004,13,13.2,100.0,98.9,True,9,Electrical,5,0.61,1.02,Electrical Installation,2,13,1,3
A147,W005,T005,20,23.7,77.4,81.6,False,2,General Labor,3,0.8,1.15,Foundation Work,5,20,3,4
A148,W002,T004,13,14.7,62.5,78.2,False,6,General Labor,2,0.63,0.99,Electrical Installation,2,13,1,3
A149,W009,T005,20,20.0,100.0,99.9,True,9,Electrical,5,0.61,1.02,Foundation Work,5,20,3,4
A150,W003,T001,20,21.7,66.7,82.0,True,5,Carpentry,2,0.7,1.08,Foundation Work,4,20,1,5
A151,W004,T006,9,10.1,98.5,92.8,False,14,HVAC,4,0.74,1.09,Plumbing Installation,4,9,1,4
A152,W010,T010,23,21.4,100.0,104.3,True,17,Plumbing,5,0.68,0.95,Foundation Work,2,23,3,3
A153,W006,T002,16,12.6,100.0,116.4,True,9,General Labor,5,0.93,0.86,Framing,2,16,1,3
A154,W009,T008,4,3.9,100.0,100.9,True,9,Electrical,5,0.61,1.02,Finishing,2,4,1,5
A155,W003,T006,9,9.4,63.6,82.9,True,5,Carpentry,2,0.7,1.08,Plumbing Installation,4,9,1,4
A156,W007,T008,4,4.3,100.0,95.7,True,13,Plumbing,5,0.65,1.14,Finishing,2,4,1,5
A157,W002,T006,9,10.0,66.6,80.8,False,6,General Labor,2,0.63,0.99,Plumbing Installation,4,9,1,4
A158,W002,T010,23,22.1,60.5,86.7,True,6,General Labor,2,0.63,0.99,Foundation Work,2,23,3,3
A159,W009,T002,16,16.6,100.0,97.8,True,9,Electrical,5,0.61,1.02,Framing,2,16,1,3
A160,W006,T003,13,12.4,100.0,102.9,True,9,General Labor,5,0.93,0.86,Plumbing Installation,1,13,3,1
A161,W002,T007,6,6.3,62.5,81.8,True,6,General Labor,2,0.63,0.99,Finishing,2,6,1,3
A162,W001,T002,16,19.0,90.7,86.9,False,1,Carpentry,4,0.72,1.15,Framing,2,16,1,3
A163,W009,T006,9,9.1,100.0,99.4,True,9,Electrical,5,0.61,1.02,Plumbing Installation,4,9,1,4
A164,W003,T009,17,18.0,67.0,83.5,True,5,Carpentry,2,0.7,1.08,Framing,3,17,2,3
A165,W004,T008,4,4.3,96.6,95.0,True,14,HVAC,4,0.74,1.09,Finishing,2,4,1,5
A166,W009,T004,13,12.2,100.0,103.9,True,9,Electrical,5,0.61,1.02,Electrical Installation,2,13,1,3
A167,W008,T004,13,8.9,66.1,114.4,True,17,HVAC,2,0.84,0.8,Electrical Installation,2,13,1,3
A168,W008,T003,13,10.4,69.1,102.4,True,17,HVAC,2,0.84,0.8,Plumbing Installation,1,13,3,1
A169,W002,T009,17,17.3,63.5,84.3,True,6,General Labor,2,0.63,0.99,Framing,3,17,2,3
A170,W010,T009,17,15.3,100.0,106.9,True,17,Plumbing,5,0.68,0.95,Framing,3,17,2,3
A171,W006,T008,4,3.4,100.0,110.3,True,9,General Labor,5,0.93,0.86,Finishing,2,4,1,5
A172,W003,T006,9,10.5,69.2,79.2,False,5,Carpentry,2,0.7,1.08,Plumbing Installation,4,9,1,4
A173,W007,T002,16,17.9,100.0,93.7,False,13,Plumbing,5,0.65,1.14,Framing,2,16,1,3
A174,W002,T002,16,17.2,64.0,81.5,True,6,General Labor,2,0.63,0.99,Framing,2,16,1,3
A175,W002,T002,16,16.4,62.9,83.7,True,6,General Labor,2,0.63,0.99,Framing,2,16,1,3
A176,W003,T010,23,26.8,66.6,78.1,False,5,Carpentry,2,0.7,1.08,Foundation Work,2,23,3,3
A177,W001,T003,13,17.0,91.0,82.2,False,1,Carpentry,4,0.72,1.15,Plumbing Installation,1,13,3,1
A178,W001,T007,6,7.4,89.1,84.1,False,1,Carpentry,4,0.72,1.15,Finishing,2,6,1,3
A179,W003,T005,20,22.9,69.5,80.2,False,5,Carpentry,2,0.7,1.08,Foundation Work,5,20,3,4
A180,W008,T005,20,14.8,65.8,107.3,True,17,HVAC,2,0.84,0.8,Foundation Work,5,20,3,4
A181,W003,T007,6,6.8,61.2,77.7,False,5,Carpentry,2,0.7,1.08,Finishing,2,6,1,3
A182,W007,T007,6,7.2,100.0,89.7,False,13,Plumbing,5,0.65,1.14,Finishing,2,6,1,3
A183,W008,T010,23,15.9,61.1,111.5,True,17,HVAC,2,0.84,0.8,Foundation Work,2,23,3,3
A184,W007,T005,20,22.2,100.0,94.0,False,13,Plumbing,5,0.65,1.14,Foundation Work,5,20,3,4
A185,W001,T003,13,15.4,83.4,83.9,False,1,Carpentry,4,0.72,1.15,Plumbing Installation,1,13,3,1
A186,W007,T007,6,6.3,100.0,97.2,True,13,Plumbing,5,0.65,1.14,Finishing,2,6,1,3
A187,W003,T006,9,10.5,65.4,77.5,False,5,Carpentry,2,0.7,1.08,Plumbing Installation,4,9,1,4
A188,W006,T006,9,8.3,100.0,104.9,True,9,General Labor,5,0.93,0.86,Plumbing Installation,4,9,1,4
A189,W003,T009,17,20.1,65.9,77.2,False,5,Carpentry,2,0.7,1.08,Framing,3,17,2,3
A190,W004,T004,13,12.6,80.1,93.8,True,14,HVAC,4,0.74,1.09,Electrical Installation,2,13,1,3
A191,W002,T002,16,16.9,64.5,82.5,True,6,General Labor,2,0.63,0.99,Framing,2,16,1,3
A192,W006,T004,13,10.8,100.0,112.4,True,9,General Labor,5,0.93,0.86,Electrical Installation,2,13,1,3
A193,W005,T005,20,26.1,74.9,76.0,False,2,General Labor,3,0.8,1.15,Foundation Work,5,20,3,4
A194,W005,T007,6,7.0,72.0,80.2,False,2,General Labor,3,0.8,1.15,Finishing,2,6,1,3
A195,W003,T010,23,26.3,68.0,79.7,False,5,Carpentry,2,0.7,1.08,Foundation Work,2,23,3,3
A196,W007,T005,20,24.0,100.0,90.0,False,13,Plumbing,5,0.65,1.14,Foundation Work,5,20,3,4
A197,W005,T005,20,22.8,77.5,83.7,False,2,General Labor,3,0.8,1.15,Foundation Work,5,20,3,4
A198,W008,T004,13,9.7,69.0,107.9,True,17,HVAC,2,0.84,0.8,Electrical Installation,2,13,1,3
A199,W002,T009,17,17.2,66.2,85.6,True,6,General Labor,2,0.63,0.99,Framing,3,17,2,3
A200,W003,T006,9,10.7,62.2,75.3,False,5,Carpentry,2,0.7,1.08,Plumbing Installation,4,9,1,4
A201,W010,T001,20,18.1,100.0,106.1,True,17,Plumbing,5,0.68,0.95,Foundation Work,4,20,1,5
A202,W008,T009,17,12.2,64.8,109.5,True,17,HVAC,2,0.84,0.8,Framing,3,17,2,3
A203,W001,T009,17,22.1,91.3,82.8,False,1,Carpentry,4,0.72,1.15,Framing,3,17,2,3
A204,W001,T008,4,5.2,90.0,82.1,False,1,Carpentry,4,0.72,1.15,Finishing,2,4,1,5
A205,W003,T007,6,6.9,62.8,77.1,False,5,Carpentry,2,0.7,1.08,Finishing,2,6,1,3
A206,W005,T001,20,23.2,71.4,80.3,False,2,General Labor,3,0.8,1.15,Foundation Work,4,20,1,5
A207,W007,T001,20,21.2,100.0,96.6,True,13,Plumbing,5,0.65,1.14,Foundation Work,4,20,1,5
A208,W003,T004,13,16.2,61.2,72.7,False,5,Carpentry,2,0.7,1.08,Electrical Installation,2,13,1,3
A209,W003,T001,20,21.9,61.9,79.5,True,5,Carpentry,2,0.7,1.08,Foundation Work,4,20,1,5
A210,W005,T008,4,4.5,79.2,85.0,False,2,General Labor,3,0.8,1.15,Finishing,2,4,1,5
A211,W002,T004,13,12.4,61.6,87.4,True,6,General Labor,2,0.63,0.99,Electrical Installation,2,13,1,3
A212,W002,T008,4,3.8,69.0,91.3,True,6,General Labor,2,0.63,0.99,Finishing,2,4,1,5
A213,W006,T003,13,10.9,100.0,111.5,True,9,General Labor,5,0.93,0.86,Plumbing Installation,1,13,3,1
A214,W010,T001,20,18.7,100.0,104.3,True,17,Plumbing,5,0.68,0.95,Foundation Work,4,20,1,5
A215,W003,T005,20,21.9,63.2,80.1,True,5,Carpentry,2,0.7,1.08,Foundation Work,5,20,3,4
A216,W010,T009,17,15.7,100.0,104.8,True,17,Plumbing,5,0.68,0.95,Framing,3,17,2,3
A217,W002,T002,16,15.2,68.7,90.8,True,6,General Labor,2,0.63,0.99,Framing,2,16,1,3
A218,W008,T009,17,11.9,63.3,111.3,True,17,HVAC,2,0.84,0.8,Framing,3,17,2,3
A219,W010,T002,16,12.8,100.0,115.1,True,17,Plumbing,5,0.68,0.95,Framing,2,16,1,3
A220,W002,T008,4,3.7,66.5,90.9,True,6,General Labor,2,0.63,0.99,Finishing,2,4,1,5
A221,W005,T009,17,23.1,76.8,74.9,False,2,General Labor,3,0.8,1.15,Framing,3,17,2,3
A222,W005,T006,9,11.7,79.6,78.1,False,2,General Labor,3,0.8,1.15,Plumbing Installation,4,9,1,4
A223,W002,T006,9,9.5,69.9,85.1,True,6,General Labor,2,0.63,0.99,Plumbing Installation,4,9,1,4
A224,W010,T008,4,3.4,100.0,110.3,True,17,Plumbing,5,0.68,0.95,Finishing,2,4,1,5
A225,W005,T009,17,22.7,77.8,76.1,False,2,General Labor,3,0.8,1.15,Framing,3,17,2,3
A226,W005,T002,16,19.5,73.9,78.8,False,2,General Labor,3,0.8,1.15,Framing,2,16,1,3
A227,W008,T007,6,4.6,62.3,102.8,True,17,HVAC,2,0.84,0.8,Finishing,2,6,1,3
A228,W001,T003,13,14.8,81.1,85.1,False,1,Carpentry,4,0.72,1.15,Plumbing Installation,1,13,3,1
A229,W005,T005,20,24.0,74.2,79.7,False,2,General Labor,3,0.8,1.15,Foundation Work,5,20,3,4
A230,W001,T008,4,4.8,84.5,84.3,False,1,Carpentry,4,0.72,1.15,Finishing,2,4,1,5
A231,W009,T009,17,17.8,100.0,97.2,True,9,Electrical,5,0.61,1.02,Framing,3,17,2,3
A232,W002,T007,6,6.4,62.7,81.6,True,6,General Labor,2,0.63,0.99,Finishing,2,6,1,3
A233,W006,T004,13,10.7,100.0,112.7,True,9,General Labor,5,0.93,0.86,Electrical Installation,2,13,1,3
A234,W009,T010,23,21.7,100.0,103.7,True,9,Electrical,5,0.61,1.02,Foundation Work,2,23,3,3
A235,W001,T009,17,20.4,83.9,83.6,False,1,Carpentry,4,0.72,1.15,Framing,3,17,2,3
A236,W002,T002,16,15.4,65.8,88.5,True,6,General Labor,2,0.63,0.99,Framing,2,16,1,3
A237,W002,T001,20,22.2,65.8,80.3,False,6,General Labor,2,0.63,0.99,Foundation Work,4,20,1,5
A238,W005,T004,13,15.7,78.6,81.1,False,2,General Labor,3,0.8,1.15,Electrical Installation,2,13,1,3
A239,W004,T005,20,22.6,84.0,86.8,False,14,HVAC,4,0.74,1.09,Foundation Work,5,20,3,4
A240,W003,T009,17,19.9,65.9,77.7,False,5,Carpentry,2,0.7,1.08,Framing,3,17,2,3
A241,W002,T003,13,13.5,61.6,82.6,True,6,General Labor,2,0.63,0.99,Plumbing Installation,1,13,3,1
A242,W001,T006,9,12.1,83.8,78.1,False,1,Carpentry,4,0.72,1.15,Plumbing Installation,4,9,1,4
A243,W005,T002,16,19.1,75.9,80.6,False,2,General Labor,3,0.8,1.15,Framing,2,16,1,3
A244,W001,T002,16,19.5,88.9,84.8,False,1,Carpentry,4,0.72,1.15,Framing,2,16,1,3
A245,W002,T008,4,3.8,61.0,87.5,True,6,General Labor,2,0.63,0.99,Finishing,2,4,1,5
A246,W009,T001,20,22.3,100.0,93.7,False,9,Electrical,5,0.61,1.02,Foundation Work,4,20,1,5
A247,W002,T006,9,8.7,64.0,87.5,True,6,General Labor,2,0.63,0.99,Plumbing Installation,4,9,1,4
A248,W001,T001,20,24.3,98.3,88.6,False,1,Carpentry,4,0.72,1.15,Foundation Work,4,20,1,5
A249,W010,T001,20,18.0,100.0,106.7,True,17,Plumbing,5,0.68,0.95,Foundation Work,4,20,1,5
A250,W010,T003,13,11.3,100.0,108.9,True,17,Plumbing,5,0.68,0.95,Plumbing Installation,1,13,3,1
A251,W008,T002,16,11.0,61.3,111.9,True,17,HVAC,2,0.84,0.8,Framing,2,16,1,3
A252,W007,T009,17,18.5,100.0,95.2,True,13,Plumbing,5,0.65,1.14,Framing,3,17,2,3
A253,W009,T007,6,6.4,100.0,96.2,True,9,Electrical,5,0.61,1.02,Finishing,2,6,1,3
A254,W001,T004,13,15.6,99.9,89.8,False,1,Carpentry,4,0.72,1.15,Electrical Installation,2,13,1,3
A255,W007,T002,16,17.8,100.0,94.0,False,13,Plumbing,5,0.65,1.14,Framing,2,16,1,3
A256,W006,T010,23,18.8,100.0,113.6,True,9,General Labor,5,0.93,0.86,Foundation Work,2,23,3,3
A257,W006,T007,6,4.9,100.0,113.2,True,9,General Labor,5,0.93,0.86,Finishing,2,6,1,3
A258,W007,T008,4,4.0,100.0,100.1,True,13,Plumbing,5,0.65,1.14,Finishing,2,4,1,5
A259,W006,T006,9,8.1,100.0,106.8,True,9,General Labor,5,0.93,0.86,Plumbing Installation,4,9,1,4
A260,W001,T010,23,30.1,97.6,84.9,False,1,Carpentry,4,0.72,1.15,Foundation Work,2,23,3,3
A261,W003,T001,20,23.4,68.1,78.4,False,5,Carpentry,2,0.7,1.08,Foundation Work,4,20,1,5
A262,W010,T005,20,18.9,100.0,103.4,True,17,Plumbing,5,0.68,0.95,Foundation Work,5,20,3,4
A263,W002,T007,6,6.3,66.4,83.8,True,6,General Labor,2,0.63,0.99,Finishing,2,6,1,3
A264,W008,T004,13,10.0,60.3,102.4,True,17,HVAC,2,0.84,0.8,Electrical Installation,2,13,1,3
A265,W001,T007,6,7.3,80.7,81.6,False,1,Carpentry,4,0.72,1.15,Finishing,2,6,1,3
A266,W006,T004,13,12.3,100.0,103.6,True,9,General Labor,5,0.93,0.86,Electrical Installation,2,13,1,3
A267,W009,T006,9,9.4,100.0,97.3,True,9,Electrical,5,0.61,1.02,Plumbing Installation,4,9,1,4
A268,W002,T010,23,25.9,61.1,77.7,False,6,General Labor,2,0.63,0.99,Foundation Work,2,23,3,3
A269,W001,T007,6,6.8,87.3,87.6,False,1,Carpentry,4,0.72,1.15,Finishing,2,6,1,3
A270,W006,T002,16,14.8,100.0,105.0,True,9,General Labor,5,0.93,0.86,Framing,2,16,1,3
A271,W008,T010,23,15.4,69.1,117.0,True,17,HVAC,2,0.84,0.8,Foundation Work,2,23,3,3
A272,W007,T010,23,25.0,100.0,95.2,True,13,Plumbing,5,0.65,1.14,Foundation Work,2,23,3,3
A273,W003,T006,9,11.0,62.6,74.3,False,5,Carpentry,2,0.7,1.08,Plumbing Installation,4,9,1,4
A274,W008,T009,17,13.1,68.0,105.2,True,17,HVAC,2,0.84,0.8,Framing,3,17,2,3
A275,W006,T008,4,3.4,100.0,110.2,True,9,General Labor,5,0.93,0.86,Finishing,2,4,1,5
A276,W010,T005,20,17.8,100.0,107.6,True,17,Plumbing,5,0.68,0.95,Foundation Work,5,20,3,4
A277,W007,T008,4,4.8,100.0,89.8,False,13,Plumbing,5,0.65,1.14,Finishing,2,4,1,5
A278,W005,T004,13,16.1,71.9,77.3,False,2,General Labor,3,0.8,1.15,Electrical Installation,2,13,1,3
A279,W006,T004,13,11.0,100.0,111.2,True,9,General Labor,5,0.93,0.86,Electrical Installation,2,13,1,3
A280,W008,T010,23,18.1,69.0,104.0,True,17,HVAC,2,0.84,0.8,Foundation Work,2,23,3,3
A281,W002,T004,13,13.1,68.5,86.9,True,6,General Labor,2,0.63,0.99,Electrical Installation,2,13,1,3
A282,W009,T006,9,9.1,100.0,99.4,True,9,Electrical,5,0.61,1.02,Plumbing Installation,4,9,1,4
A283,W004,T006,9,9.1,81.7,92.3,True,14,HVAC,4,0.74,1.09,Plumbing Installation,4,9,1,4
A284,W002,T010,23,22.4,65.2,87.8,True,6,General Labor,2,0.63,0.99,Foundation Work,2,23,3,3
A285,W008,T001,20,13.9,69.3,113.9,True,17,HVAC,2,0.84,0.8,Foundation Work,4,20,1,5
A286,W010,T005,20,17.2,100.0,109.9,True,17,Plumbing,5,0.68,0.95,Foundation Work,5,20,3,4
A287,W007,T010,23,24.3,100.0,96.7,True,13,Plumbing,5,0.65,1.14,Foundation Work,2,23,3,3
A288,W008,T007,6,4.5,60.4,103.7,True,17,HVAC,2,0.84,0.8,Finishing,2,6,1,3
A289,W004,T005,20,22.4,97.6,92.5,False,14,HVAC,4,0.74,1.09,Foundation Work,5,20,3,4
A290,W003,T001,20,21.2,60.3,80.6,True,5,Carpentry,2,0.7,1.08,Foundation Work,4,20,1,5
A291,W010,T010,23,19.0,100.0,112.7,True,17,Plumbing,5,0.68,0.95,Foundation Work,2,23,3,3
A292,W001,T009,17,20.5,91.8,86.4,False,1,Carpentry,4,0.72,1.15,Framing,3,17,2,3
A293,W008,T008,4,3.0,62.0,104.6,True,17,HVAC,2,0.84,0.8,Finishing,2,4,1,5
A294,W005,T008,4,4.5,76.9,83.6,False,2,General Labor,3,0.8,1.15,Finishing,2,4,1,5
A295,W003,T004,13,13.7,61.3,81.4,True,5,Carpentry,2,0.7,1.08,Electrical Installation,2,13,1,3
A296,W007,T001,20,20.8,100.0,97.8,True,13,Plumbing,5,0.65,1.14,Foundation Work,4,20,1,5
A297,W007,T001,20,20.5,100.0,98.5,True,13,Plumbing,5,0.65,1.14,Foundation Work,4,20,1,5
A298,W008,T007,6,4.3,60.0,106.9,True,17,HVAC,2,0.84,0.8,Finishing,2,6,1,3
A299,W007,T009,17,17.7,100.0,97.6,True,13,Plumbing,5,0.65,1.14,Framing,3,17,2,3
A300,W009,T003,13,14.7,100.0,93.1,False,9,Electrical,5,0.61,1.02,Plumbing Installation,1,13,3,1
A301,W009,T009,17,19.1,100.0,93.5,False,9,Electrical,5,0.61,1.02,Framing,3,17,2,3
A302,W010,T006,9,6.9,100.0,117.8,True,17,Plumbing,5,0.68,0.95,Plumbing Installation,4,9,1,4
A303,W002,T001,20,19.8,65.2,86.5,True,6,General Labor,2,0.63,0.99,Foundation Work,4,20,1,5
A304,W008,T003,13,9.8,68.1,107.2,True,17,HVAC,2,0.84,0.8,Plumbing Installation,1,13,3,1
A305,W003,T004,13,14.9,65.9,78.7,False,5,Carpentry,2,0.7,1.08,Electrical Installation,2,13,1,3
A306,W001,T004,13,14.8,84.1,86.5,False,1,Carpentry,4,0.72,1.15,Electrical Installation,2,13,1,3
A307,W004,T009,17,18.1,98.4,95.7,True,14,HVAC,4,0.74,1.09,Framing,3,17,2,3
A308,W010,T001,20,17.1,100.0,110.1,True,17,Plumbing,5,0.68,0.95,Foundation Work,4,20,1,5
A309,W004,T003,13,13.2,83.5,92.6,True,14,HVAC,4,0.74,1.09,Plumbing Installation,1,13,3,1
A310,W005,T003,13,17.7,70.9,72.3,False,2,General Labor,3,0.8,1.15,Plumbing Installation,1,13,3,1
A311,W008,T001,20,14.5,65.9,108.9,True,17,HVAC,2,0.84,0.8,Foundation Work,4,20,1,5
A312,W003,T009,17,20.7,60.6,73.5,False,5,Carpentry,2,0.7,1.08,Framing,3,17,2,3
A313,W005,T002,16,18.3,75.6,82.8,False,2,General Labor,3,0.8,1.15,Framing,2,16,1,3
A314,W004,T004,13,12.5,97.8,101.5,True,14,HVAC,4,0.74,1.09,Electrical Installation,2,13,1,3
A315,W003,T007,6,7.3,61.1,73.8,False,5,Carpentry,2,0.7,1.08,Finishing,2,6,1,3
A316,W006,T004,13,11.4,100.0,108.5,True,9,General Labor,5,0.93,0.86,Electrical Installation,2,13,1,3
A317,W001,T009,17,21.2,82.0,80.8,False,1,Carpentry,4,0.72,1.15,Framing,3,17,2,3
A318,W008,T004,13,9.3,62.3,109.1,True,17,HVAC,2,0.84,0.8,Electrical Installation,2,13,1,3
A319,W005,T005,20,25.8,70.9,74.9,False,2,General Labor,3,0.8,1.15,Foundation Work,5,20,3,4
A320,W007,T001,20,23.7,100.0,90.6,False,13,Plumbing,5,0.65,1.14,Foundation Work,4,20,1,5
A321,W010,T005,20,17.3,100.0,109.4,True,17,Plumbing,5,0.68,0.95,Foundation Work,5,20,3,4
A322,W002,T001,20,19.8,66.5,87.3,True,6,General Labor,2,0.63,0.99,Foundation Work,4,20,1,5
A323,W006,T001,20,15.9,100.0,115.4,True,9,General Labor,5,0.93,0.86,Foundation Work,4,20,1,5
A324,W005,T003,13,15.4,78.9,82.0,False,2,General Labor,3,0.8,1.15,Plumbing Installation,1,13,3,1
A325,W009,T010,23,24.8,100.0,95.6,True,9,Electrical,5,0.61,1.02,Foundation Work,2,23,3,3
A326,W006,T009,17,15.1,100.0,107.5,True,9,General Labor,5,0.93,0.86,Framing,3,17,2,3
A327,W003,T004,13,15.5,67.3,77.1,False,5,Carpentry,2,0.7,1.08,Electrical Installation,2,13,1,3
A328,W005,T005,20,24.3,79.2,81.2,False,2,General Labor,3,0.8,1.15,Foundation Work,5,20,3,4
A329,W003,T009,17,19.9,60.0,75.3,False,5,Carpentry,2,0.7,1.08,Framing,3,17,2,3
A330,W002,T005,20,21.8,67.1,81.8,True,6,General Labor,2,0.63,0.99,Foundation Work,5,20,3,4
A331,W007,T005,20,21.3,100.0,96.3,True,13,Plumbing,5,0.65,1.14,Foundation Work,5,20,3,4
A332,W003,T006,9,10.1,64.5,79.4,False,5,Carpentry,2,0.7,1.08,Plumbing Installation,4,9,1,4
A333,W010,T008,4,3.5,100.0,108.3,True,17,Plumbing,5,0.68,0.95,Finishing,2,4,1,5
A334,W007,T004,13,13.3,100.0,98.4,True,13,Plumbing,5,0.65,1.14,Electrical Installation,2,13,1,3
A335,W002,T002,16,17.0,65.8,82.8,True,6,General Labor,2,0.63,0.99,Framing,2,16,1,3
A336,W001,T001,20,26.2,98.5,85.1,False,1,Carpentry,4,0.72,1.15,Foundation Work,4,20,1,5
A337,W008,T005,20,13.5,60.8,113.4,True,17,HVAC,2,0.84,0.8,Foundation Work,5,20,3,4
A338,W001,T008,4,5.1,91.4,83.9,False,1,Carpentry,4,0.72,1.15,Finishing,2,4,1,5
A339,W001,T005,20,25.9,94.0,83.9,False,1,Carpentry,4,0.72,1.15,Foundation Work,5,20,3,4
A340,W002,T003,13,12.3,61.5,87.9,True,6,General Labor,2,0.63,0.99,Plumbing Installation,1,13,3,1
A341,W006,T008,4,3.4,100.0,111.4,True,9,General Labor,5,0.93,0.86,Finishing,2,4,1,5
A342,W007,T007,6,6.6,100.0,94.5,False,13,Plumbing,5,0.65,1.14,Finishing,2,6,1,3
A343,W003,T007,6,6.3,63.2,82.7,True,5,Carpentry,2,0.7,1.08,Finishing,2,6,1,3
A344,W002,T002,16,15.2,66.2,89.7,True,6,General Labor,2,0.63,0.99,Framing,2,16,1,3
A345,W010,T008,4,3.7,100.0,104.8,True,17,Plumbing,5,0.68,0.95,Finishing,2,4,1,5
A346,W008,T001,20,15.7,69.2,104.2,True,17,HVAC,2,0.84,0.8,Foundation Work,4,20,1,5
A347,W004,T010,23,21.9,82.4,95.9,True,14,HVAC,4,0.74,1.09,Foundation Work,2,23,3,3
A348,W006,T006,9,7.5,100.0,112.0,True,9,General Labor,5,0.93,0.86,Plumbing Installation,4,9,1,4
A349,W009,T010,23,21.4,100.0,104.5,True,9,Electrical,5,0.61,1.02,Foundation Work,2,23,3,3
A350,W003,T002,16,19.4,67.1,76.4,False,5,Carpentry,2,0.7,1.08,Framing,2,16,1,3
A351,W002,T009,17,18.9,65.8,80.4,False,6,General Labor,2,0.63,0.99,Framing,3,17,2,3
A352,W005,T010,23,31.4,79.6,75.8,False,2,General Labor,3,0.8,1.15,Foundation Work,2,23,3,3
A353,W005,T002,16,18.3,71.2,80.9,False,2,General Labor,3,0.8,1.15,Framing,2,16,1,3
A354,W007,T003,13,12.4,100.0,103.1,True,13,Plumbing,5,0.65,1.14,Plumbing Installation,1,13,3,1
A355,W005,T007,6,7.9,73.1,74.9,False,2,General Labor,3,0.8,1.15,Finishing,2,6,1,3
A356,W004,T001,20,23.0,98.8,91.7,False,14,HVAC,4,0.74,1.09,Foundation Work,4,20,1,5
A357,W003,T006,9,9.2,60.1,82.6,True,5,Carpentry,2,0.7,1.08,Plumbing Installation,4,9,1,4
A358,W004,T003,13,13.7,96.1,95.5,True,14,HVAC,4,0.74,1.09,Plumbing Installation,1,13,3,1
A359,W002,T003,13,13.0,67.6,87.0,True,6,General Labor,2,0.63,0.99,Plumbing Installation,1,13,3,1
A360,W001,T008,4,4.7,85.0,85.0,False,1,Carpentry,4,0.72,1.15,Finishing,2,4,1,5
A361,W002,T008,4,4.5,68.2,80.3,False,6,General Labor,2,0.63,0.99,Finishing,2,4,1,5
A362,W001,T007,6,6.8,98.6,92.0,False,1,Carpentry,4,0.72,1.15,Finishing,2,6,1,3
A363,W010,T010,23,20.1,100.0,108.6,True,17,Plumbing,5,0.68,0.95,Foundation Work,2,23,3,3
A364,W005,T008,4,5.2,76.7,77.1,False,2,General Labor,3,0.8,1.15,Finishing,2,4,1,5
A365,W008,T003,13,9.4,60.9,107.1,True,17,HVAC,2,0.84,0.8,Plumbing Installation,1,13,3,1
A366,W008,T005,20,15.9,64.7,101.1,True,17,HVAC,2,0.84,0.8,Foundation Work,5,20,3,4
A367,W005,T002,16,21.5,74.1,74.3,False,2,General Labor,3,0.8,1.15,Framing,2,16,1,3
A368,W010,T003,13,10.8,100.0,112.3,True,17,Plumbing,5,0.68,0.95,Plumbing Installation,1,13,3,1
A369,W006,T003,13,11.4,100.0,108.6,True,9,General Labor,5,0.93,0.86,Plumbing Installation,1,13,3,1
A370,W003,T003,13,13.8,60.8,80.7,True,5,Carpentry,2,0.7,1.08,Plumbing Installation,1,13,3,1
A371,W010,T007,6,5.2,100.0,109.6,True,17,Plumbing,5,0.68,0.95,Finishing,2,6,1,3
A372,W010,T004,13,11.8,100.0,106.1,True,17,Plumbing,5,0.68,0.95,Electrical Installation,2,13,1,3
A373,W006,T002,16,13.8,100.0,109.8,True,9,General Labor,5,0.93,0.86,Framing,2,16,1,3
A374,W003,T001,20,21.2,66.4,83.1,True,5,Carpentry,2,0.7,1.08,Foundation Work,4,20,1,5
A375,W001,T007,6,7.8,97.5,85.2,False,1,Carpentry,4,0.72,1.15,Finishing,2,6,1,3
A376,W004,T006,9,10.1,88.2,88.5,False,14,HVAC,4,0.74,1.09,Plumbing Installation,4,9,1,4
A377,W005,T005,20,22.4,76.3,84.2,False,2,General Labor,3,0.8,1.15,Foundation Work,5,20,3,4
A378,W009,T002,16,15.3,100.0,102.5,True,9,Electrical,5,0.61,1.02,Framing,2,16,1,3
A379,W004,T007,6,6.3,88.0,92.3,True,14,HVAC,4,0.74,1.09,Finishing,2,6,1,3
A380,W005,T003,13,14.8,73.0,82.1,False,2,General Labor,3,0.8,1.15,Plumbing Installation,1,13,3,1
A381,W003,T008,4,4.5,60.4,77.1,False,5,Carpentry,2,0.7,1.08,Finishing,2,4,1,5
A382,W003,T008,4,5.0,60.4,72.5,False,5,Carpentry,2,0.7,1.08,Finishing,2,4,1,5
A383,W003,T004,13,15.8,69.4,77.1,False,5,Carpentry,2,0.7,1.08,Electrical Installation,2,13,1,3
A384,W008,T004,13,10.5,64.4,99.8,True,17,HVAC,2,0.84,0.8,Electrical Installation,2,13,1,3
A385,W001,T009,17,20.1,81.7,83.3,False,1,Carpentry,4,0.72,1.15,Framing,3,17,2,3
A386,W005,T001,20,23.0,74.5,82.0,False,2,General Labor,3,0.8,1.15,Foundation Work,4,20,1,5
A387,W007,T001,20,20.9,100.0,97.4,True,13,Plumbing,5,0.65,1.14,Foundation Work,4,20,1,5
A388,W009,T002,16,15.3,100.0,102.8,True,9,Electrical,5,0.61,1.02,Framing,2,16,1,3
A389,W001,T004,13,15.1,97.4,90.8,False,1,Carpentry,4,0.72,1.15,Electrical Installation,2,13,1,3
A390,W001,T003,13,17.1,82.1,78.6,False,1,Carpentry,4,0.72,1.15,Plumbing Installation,1,13,3,1
A391,W006,T005,20,17.6,100.0,108.3,True,9,General Labor,5,0.93,0.86,Foundation Work,5,20,3,4
A392,W003,T008,4,4.2,68.1,84.7,True,5,Carpentry,2,0.7,1.08,Finishing,2,4,1,5
A393,W004,T009,17,18.4,93.5,92.9,True,14,HVAC,4,0.74,1.09,Framing,3,17,2,3
A394,W007,T009,17,17.7,100.0,97.7,True,13,Plumbing,5,0.65,1.14,Framing,3,17,2,3
A395,W007,T010,23,27.0,100.0,91.1,False,13,Plumbing,5,0.65,1.14,Foundation Work,2,23,3,3
A396,W005,T006,9,11.8,70.7,73.9,False,2,General Labor,3,0.8,1.15,Plumbing Installation,4,9,1,4
A397,W009,T008,4,4.1,100.0,99.1,True,9,Electrical,5,0.61,1.02,Finishing,2,4,1,5
A398,W008,T006,9,6.5,60.6,106.7,True,17,HVAC,2,0.84,0.8,Plumbing Installation,4,9,1,4
A399,W005,T010,23,31.3,76.1,74.5,False,2,General Labor,3,0.8,1.15,Foundation Work,2,23,3,3
A400,W003,T010,23,27.6,62.8,75.1,False,5,Carpentry,2,0.7,1.08,Foundation Work,2,23,3,3
A401,W006,T004,13,11.5,100.0,107.7,True,9,General Labor,5,0.93,0.86,Electrical Installation,2,13,1,3
A402,W005,T009,17,22.1,79.6,78.0,False,2,General Labor,3,0.8,1.15,Framing,3,17,2,3
A403,W010,T010,23,21.9,100.0,103.0,True,17,Plumbing,5,0.68,0.95,Foundation Work,2,23,3,3
A404,W004,T007,6,6.0,95.2,98.4,True,14,HVAC,4,0.74,1.09,Finishing,2,6,1,3
A405,W006,T010,23,20.0,100.0,109.0,True,9,General Labor,5,0.93,0.86,Foundation Work,2,23,3,3
A406,W002,T006,9,9.9,67.3,81.5,True,6,General Labor,2,0.63,0.99,Plumbing Installation,4,9,1,4
A407,W004,T010,23,25.4,96.2,92.8,False,14,HVAC,4,0.74,1.09,Foundation Work,2,23,3,3
A408,W007,T001,20,19.9,100.0,100.2,True,13,Plumbing,5,0.65,1.14,Foundation Work,4,20,1,5
A409,W004,T005,20,21.8,83.9,88.6,True,14,HVAC,4,0.74,1.09,Foundation Work,5,20,3,4
A410,W005,T006,9,11.9,72.7,74.5,False,2,General Labor,3,0.8,1.15,Plumbing Installation,4,9,1,4
A411,W004,T008,4,4.4,97.3,93.9,True,14,HVAC,4,0.74,1.09,Finishing,2,4,1,5
A412,W005,T003,13,15.8,78.6,80.8,False,2,General Labor,3,0.8,1.15,Plumbing Installation,1,13,3,1
A413,W009,T008,4,4.1,100.0,99.0,True,9,Electrical,5,0.61,1.02,Finishing,2,4,1,5
A414,W010,T005,20,16.2,100.0,114.1,True,17,Plumbing,5,0.68,0.95,Foundation Work,5,20,3,4
A415,W007,T003,13,13.4,100.0,98.1,True,13,Plumbing,5,0.65,1.14,Plumbing Installation,1,13,3,1
A416,W001,T007,6,7.0,98.0,90.3,False,1,Carpentry,4,0.72,1.15,Finishing,2,6,1,3
A417,W003,T005,20,23.0,64.5,78.0,False,5,Carpentry,2,0.7,1.08,Foundation Work,5,20,3,4
A418,W004,T006,9,9.3,84.8,91.8,True,14,HVAC,4,0.74,1.09,Plumbing Installation,4,9,1,4
A419,W010,T002,16,13.8,100.0,109.6,True,17,Plumbing,5,0.68,0.95,Framing,2,16,1,3
A420,W007,T001,20,22.4,100.0,93.5,False,13,Plumbing,5,0.65,1.14,Foundation Work,4,20,1,5
A421,W004,T009,17,18.5,93.5,92.5,True,14,HVAC,4,0.74,1.09,Framing,3,17,2,3
A422,W005,T002,16,21.3,79.1,76.7,False,2,General Labor,3,0.8,1.15,Framing,2,16,1,3
A423,W009,T003,13,14.2,100.0,95.0,True,9,Electrical,5,0.61,1.02,Plumbing Installation,1,13,3,1
A424,W007,T005,20,24.3,100.0,89.4,False,13,Plumbing,5,0.65,1.14,Foundation Work,5,20,3,4
A425,W007,T003,13,12.1,100.0,104.5,True,13,Plumbing,5,0.65,1.14,Plumbing Installation,1,13,3,1
A426,W005,T002,16,19.5,79.0,80.8,False,2,General Labor,3,0.8,1.15,Framing,2,16,1,3
A427,W003,T003,13,15.9,63.2,74.4,False,5,Carpentry,2,0.7,1.08,Plumbing Installation,1,13,3,1
A428,W004,T001,20,19.4,86.3,96.4,True,14,HVAC,4,0.74,1.09,Foundation Work,4,20,1,5
A429,W008,T003,13,8.9,64.2,113.5,True,17,HVAC,2,0.84,0.8,Plumbing Installation,1,13,3,1
A430,W010,T003,13,9.6,100.0,121.2,True,17,Plumbing,5,0.68,0.95,Plumbing Installation,1,13,3,1
A431,W005,T006,9,10.7,77.6,81.5,False,2,General Labor,3,0.8,1.15,Plumbing Installation,4,9,1,4
A432,W006,T001,20,16.8,100.0,111.3,True,9,General Labor,5,0.93,0.86,Foundation Work,4,20,1,5
A433,W009,T003,13,13.1,100.0,99.4,True,9,Electrical,5,0.61,1.02,Plumbing Installation,1,13,3,1
A434,W003,T005,20,20.4,67.5,85.8,True,5,Carpentry,2,0.7,1.08,Foundation Work,5,20,3,4
A435,W009,T005,20,21.3,100.0,96.5,True,9,Electrical,5,0.61,1.02,Foundation Work,5,20,3,4
A436,W006,T003,13,12.2,100.0,103.8,True,9,General Labor,5,0.93,0.86,Plumbing Installation,1,13,3,1
A437,W001,T006,9,11.0,88.1,84.5,False,1,Carpentry,4,0.72,1.15,Plumbing Installation,4,9,1,4
A438,W002,T006,9,8.4,65.5,90.5,True,6,General Labor,2,0.63,0.99,Plumbing Installation,4,9,1,4
A439,W001,T004,13,15.0,81.9,84.8,False,1,Carpentry,4,0.72,1.15,Electrical Installation,2,13,1,3
A440,W001,T003,13,15.0,94.7,89.9,False,1,Carpentry,4,0.72,1.15,Plumbing Installation,1,13,3,1
A441,W005,T002,16,21.0,77.4,76.7,False,2,General Labor,3,0.8,1.15,Framing,2,16,1,3
A442,W006,T008,4,3.8,100.0,103.2,True,9,General Labor,5,0.93,0.86,Finishing,2,4,1,5
A443,W002,T007,6,5.8,66.3,88.7,True,6,General Labor,2,0.63,0.99,Finishing,2,6,1,3
A444,W009,T003,13,13.7,100.0,97.1,True,9,Electrical,5,0.61,1.02,Plumbing Installation,1,13,3,1
A445,W007,T010,23,27.4,100.0,90.3,False,13,Plumbing,5,0.65,1.14,Foundation Work,2,23,3,3
A446,W003,T001,20,24.9,66.8,74.9,False,5,Carpentry,2,0.7,1.08,Foundation Work,4,20,1,5
A447,W002,T009,17,19.0,68.8,81.3,False,6,General Labor,2,0.63,0.99,Framing,3,17,2,3
A448,W009,T006,9,9.5,100.0,97.0,True,9,Electrical,5,0.61,1.02,Plumbing Installation,4,9,1,4
A449,W009,T001,20,19.3,100.0,102.1,True,9,Electrical,5,0.61,1.02,Foundation Work,4,20,1,5
A450,W008,T006,9,6.5,65.0,109.3,True,17,HVAC,2,0.84,0.8,Plumbing Installation,4,9,1,4
A451,W006,T008,4,3.5,100.0,109.4,True,9,General Labor,5,0.93,0.86,Finishing,2,4,1,5
A452,W006,T002,16,15.1,100.0,103.4,True,9,General Labor,5,0.93,0.86,Framing,2,16,1,3
A453,W009,T010,23,25.5,100.0,94.2,False,9,Electrical,5,0.61,1.02,Foundation Work,2,23,3,3
A454,W006,T008,4,3.7,100.0,104.6,True,9,General Labor,5,0.93,0.86,Finishing,2,4,1,5
A455,W003,T006,9,11.0,67.8,76.2,False,5,Carpentry,2,0.7,1.08,Plumbing Installation,4,9,1,4
A456,W010,T002,16,15.2,100.0,103.3,True,17,Plumbing,5,0.68,0.95,Framing,2,16,1,3
A457,W008,T008,4,3.0,68.4,108.4,True,17,HVAC,2,0.84,0.8,Finishing,2,4,1,5
A458,W007,T001,20,23.1,100.0,91.9,False,13,Plumbing,5,0.65,1.14,Foundation Work,4,20,1,5
A459,W010,T006,9,7.1,100.0,115.7,True,17,Plumbing,5,0.68,0.95,Plumbing Installation,4,9,1,4
A460,W009,T008,4,3.7,100.0,104.5,True,9,Electrical,5,0.61,1.02,Finishing,2,4,1,5
A461,W005,T003,13,15.2,73.4,80.5,False,2,General Labor,3,0.8,1.15,Plumbing Installation,1,13,3,1
A462,W007,T010,23,23.9,100.0,97.7,True,13,Plumbing,5,0.65,1.14,Foundation Work,2,23,3,3
A463,W009,T001,20,22.5,100.0,93.2,False,9,Electrical,5,0.61,1.02,Foundation Work,4,20,1,5
A464,W005,T005,20,22.8,72.2,81.4,False,2,General Labor,3,0.8,1.15,Foundation Work,5,20,3,4
A465,W008,T001,20,15.3,65.0,104.4,True,17,HVAC,2,0.84,0.8,Foundation Work,4,20,1,5
A466,W007,T009,17,20.1,100.0,90.7,False,13,Plumbing,5,0.65,1.14,Framing,3,17,2,3
A467,W006,T004,13,12.1,100.0,104.6,True,9,General Labor,5,0.93,0.86,Electrical Installation,2,13,1,3
A468,W005,T009,17,20.4,77.3,80.9,False,2,General Labor,3,0.8,1.15,Framing,3,17,2,3
A469,W005,T005,20,22.6,76.7,83.9,False,2,General Labor,3,0.8,1.15,Foundation Work,5,20,3,4
A470,W008,T009,17,13.5,60.3,99.8,True,17,HVAC,2,0.84,0.8,Framing,3,17,2,3
A471,W002,T005,20,19.2,68.0,89.8,True,6,General Labor,2,0.63,0.99,Foundation Work,5,20,3,4
A472,W001,T009,17,21.8,92.8,84.0,False,1,Carpentry,4,0.72,1.15,Framing,3,17,2,3
A473,W006,T007,6,5.7,100.0,103.3,True,9,General Labor,5,0.93,0.86,Finishing,2,6,1,3
A474,W005,T006,9,12.1,72.1,73.5,False,2,General Labor,3,0.8,1.15,Plumbing Installation,4,9,1,4
A475,W008,T002,16,12.1,69.3,107.0,True,17,HVAC,2,0.84,0.8,Framing,2,16,1,3
A476,W007,T009,17,17.4,100.0,98.5,True,13,Plumbing,5,0.65,1.14,Framing,3,17,2,3
A477,W003,T009,17,19.8,62.1,76.4,False,5,Carpentry,2,0.7,1.08,Framing,3,17,2,3
A478,W007,T002,16,15.9,100.0,100.2,True,13,Plumbing,5,0.65,1.14,Framing,2,16,1,3
A479,W006,T005,20,16.4,100.0,113.2,True,9,General Labor,5,0.93,0.86,Foundation Work,5,20,3,4
A480,W003,T010,23,27.6,64.0,75.6,False,5,Carpentry,2,0.7,1.08,Foundation Work,2,23,3,3
A481,W001,T001,20,24.8,94.4,86.2,False,1,Carpentry,4,0.72,1.15,Foundation Work,4,20,1,5
A482,W003,T002,16,16.7,64.2,83.3,True,5,Carpentry,2,0.7,1.08,Framing,2,16,1,3
A483,W009,T005,20,20.1,100.0,99.8,True,9,Electrical,5,0.61,1.02,Foundation Work,5,20,3,4
A484,W003,T007,6,6.8,64.3,78.3,False,5,Carpentry,2,0.7,1.08,Finishing,2,6,1,3
A485,W009,T007,6,6.5,100.0,95.0,True,9,Electrical,5,0.61,1.02,Finishing,2,6,1,3
A486,W006,T007,6,5.5,100.0,105.8,True,9,General Labor,5,0.93,0.86,Finishing,2,6,1,3
A487,W010,T001,20,19.1,100.0,103.0,True,17,Plumbing,5,0.68,0.95,Foundation Work,4,20,1,5
A488,W001,T007,6,7.7,80.6,78.8,False,1,Carpentry,4,0.72,1.15,Finishing,2,6,1,3
A489,W005,T002,16,19.4,70.2,77.6,False,2,General Labor,3,0.8,1.15,Framing,2,16,1,3
A490,W005,T008,4,5.2,71.0,74.2,False,2,General Labor,3,0.8,1.15,Finishing,2,4,1,5
A491,W002,T006,9,9.4,64.9,83.5,True,6,General Labor,2,0.63,0.99,Plumbing Installation,4,9,1,4
A492,W005,T002,16,21.4,76.5,75.5,False,2,General Labor,3,0.8,1.15,Framing,2,16,1,3
A493,W003,T002,16,19.9,66.5,74.9,False,5,Carpentry,2,0.7,1.08,Framing,2,16,1,3
A494,W005,T006,9,12.1,75.6,74.7,False,2,General Labor,3,0.8,1.15,Plumbing Installation,4,9,1,4
A495,W003,T007,6,7.3,66.4,75.8,False,5,Carpentry,2,0.7,1.08,Finishing,2,6,1,3
A496,W001,T003,13,15.9,91.1,85.4,False,1,Carpentry,4,0.72,1.15,Plumbing Installation,1,13,3,1
A497,W003,T009,17,17.9,65.1,83.2,True,5,Carpentry,2,0.7,1.08,Framing,3,17,2,3
A498,W002,T003,13,13.1,65.0,85.5,True,6,General Labor,2,0.63,0.99,Plumbing Installation,1,13,3,1
A499,W008,T007,6,4.7,60.1,100.0,True,17,HVAC,2,0.84,0.8,Finishing,2,6,1,3
A500,W004,T008,4,3.9,91.5,98.5,True,14,HVAC,4,0.74,1.09,Finishing,2,4,1,5
